asdgbuisdfhavuoh,2022-17-31T11:19:00+00:00
BHGUIDAbUIOGSAFU,2022-17-31T11:18:00+00:00
fgbuaroeghBGUOSA,2022-17-31T11:17:00+00:00
bgfuosadbBAWYBHG,2022-17-31T11:16:00+00:00
gonnakeepdoingth,2022-17-31T11:15:00+00:00
isuntiligetbored,2022-17-31T11:14:00+00:00
whichmighttakeaw,2022-17-31T11:13:00+00:00
hilebecauseimlis,2022-17-31T11:12:00+00:00
teningtomusicimg,2022-17-31T11:11:00+00:00
onnakeeprambling,2022-17-31T11:10:00+00:00
untiligettohourz,2022-17-31T11:09:00+00:00
erosoionlyhaveei,2022-17-31T11:08:00+00:00
ghtmroelinesleft,2022-17-31T11:07:00+00:00
actuallythisispr,2022-17-31T11:06:00+00:00
obablyenoughimgo,2022-17-31T11:05:00+00:00
nnastopnowgadfuo,2022-17-31T11:04:00+00:00
AtY0laUfhglK3lC7,2018-12-09T14:19:00+00:00
SAZuXPGUrfbcn5UA,2018-12-09T10:13:00+00:00
5UAVanZf6UtGyKVS,2018-12-09T07:25:00+00:00
AtY0laUfhglK3lC7,2018-12-09T06:19:00+00:00
SAZuXPGUrfbcn5UA,2018-12-08T22:03:00+00:00
4sMM2LxV07bPJzwf,2018-12-08T21:30:00+00:00
fbcn5UAVanZf6UtG,2018-12-08T09:30:00+00:00
4sMM2LxV07bPJzwf,2018-12-07T23:30:00+00:00